id,price
15246,17173.315504880662
5176,3412.0270800598946
3143,15619.516591211535
3360,39238.38155520636
3105,5498.528504317667
5390,9934.738367055845
15021,33600.32660769755
17878,43505.19054890244
17425,18390.22751645086
1403,3056.518605538153
175,6716.082442850049
7561,7125.044446381756
4698,4362.209262196201
1713,4911.861786975141
10733,12702.525270461618
2737,14813.197828688128
4453,24425.31293011258
9129,1487.0453448961234
8383,10076.790816008956
10009,29648.140772092665
17596,15572.322338115537
590,10568.71308313037
10362,11009.571683073922
17936,10642.240614183647
2754,18556.03636106466
2041,8790.993039357936
10330,5677.8396050872625
13470,11546.8612954949
1397,4357.53175422279
10565,25309.240984371496
15837,3360.546874697255
1140,19039.313193750502
4474,28818.914987024316
3404,39964.972830415936
9497,24623.00047380885
246,28909.61944777905
9969,5700.008732595685
2,6137.467998193082
8193,10206.383382037202
5137,40292.88199060934
17977,15377.61196274984
2163,4198.610779852072
12032,21096.70464800662
3358,13946.493921362833
2363,16169.302616804682
15198,55807.087223004375
13108,45072.411965672945
2685,27424.75097849987
15917,26493.1091349532
15366,16549.944414061996
3773,2153.470050196531
3896,19011.954816997397
17632,23541.886496145104
16494,6118.106013103063
8136,10460.703938170112
12746,36515.39896795773
7351,3133.864833943374
14264,13281.640425712345
7810,7336.517650146486
8693,10591.355973774112
2631,649.7283166978575
7337,36786.46341122006
16605,10836.83634697625
10262,2958.1708150203153
9505,21776.80470379216
15045,18980.7979073471
2690,4242.495319360825
12781,3210.315723044982
7170,39553.281372908816
17369,4095.424524221549
6958,10620.203840825607
11673,27936.156154109347
18256,6898.896979045589
4114,19952.538239504433
6884,22689.943523829377
6944,5773.378113287379
2484,20817.2856946799
12059,11571.148209922381
3340,42786.92883803187
7244,36718.099491884146
538,30264.514747450496
17033,5084.311964073938
2492,3340.244594901607
9127,4092.8959388457833
1852,9844.902115347022
2634,3912.9934499405836
13985,21335.196204500528
14309,11041.366861039298
5143,5063.657363882061
12940,16922.11517884139
2445,16591.40791993374
5204,10347.734107356391
11309,7235.379310075647
4873,19106.40044330304
10713,6048.707224302816
9846,4390.181282943459
16698,54008.111993065075
16047,13827.508961575268
2310,18092.68204227739
11602,15538.749519870677
15158,4040.427900970214
16370,19926.868153123578
3103,19858.33861367383
1757,20974.27025244363
10966,4916.894647437217
13415,17664.970961860683
600,6339.05459441318
14911,24890.238857282744
9652,8866.914342597305
17148,7218.741739221541
1722,2575.990841455901
14431,17388.159828970493
17742,9357.616106256812
12853,15579.526476875504
13270,2191.7057160271906
6696,5006.346846202627
15322,5252.431853326399
17553,15874.693786013371
14906,1393.2027372392329
15403,392.49034408500876
4859,23186.63634421947
2857,25493.02498215926
18588,13770.411580528586
10158,21042.021239530808
13071,12832.315306601575
11722,4097.657770144386
11616,4943.532823737196
285,4063.82505737069
3291,14075.636910635447
2125,2061.8252424214493
4799,20477.10204318214
7734,5025.2450554922625
14188,2844.5221940184115
13434,4568.498846896934
3435,16553.235365215114
9639,3485.476148496877
18303,1568.5653927495484
394,6033.177248575686
2024,4342.844999103896
5456,14070.57067579637
9297,40894.87097920179
13964,10610.857946397158
2943,20650.587389353906
10800,14598.713730286345
4254,6734.046390931044
443,5247.740957759642
9966,19633.31743608366
942,26829.295982178475
6260,7621.669631535454
13867,40197.75622460038
14976,29993.778800969427
18253,7081.523735958467
10628,24289.23646169555
2323,11567.294174387536
17298,61106.9528444734
10544,45602.73657080334
7806,4273.754268377514
6834,30311.575867027997
15283,156549.59485798207
17054,38853.93967078229
15488,7448.5156161290415
703,29134.852076394225
11438,48132.07298593757
18553,6984.572186574606
3870,8011.321029099805
9334,3552.045096358148
1166,5179.880719743529
11367,31923.64464073915
8141,8191.332105396904
13352,11282.567575342267
519,4462.868892465173
10905,3921.325870333625
163,17008.732494256805
18160,4210.693863109755
16205,17868.790529117716
16868,7787.181676940071
13271,16056.055501463568
1821,21815.47960339811
11405,9341.276286511427
2203,9575.650423133186
14597,5482.624885556061
14120,17860.48750431621
14222,13626.864584988452
897,16911.304447886636
203,43574.06617632983
10719,6694.365069675402
7665,21542.137473775525
11576,7764.051862103068
6334,7122.688147483012
16920,40146.3488350538
17340,18006.561378815102
1629,19879.667277125965
6602,3329.905585964485
16479,51319.704039999466
16112,1169.0479030144886
9071,2890.6790458555
18785,10118.536168839015
8609,16795.237343739776
4589,26351.422322558512
5688,18690.48019591734
15455,9600.292333160509
4648,19562.633406752157
2369,4378.215442634327
14752,13790.69688800047
6306,8789.878479364732
15110,17805.101595273085
9009,6717.745705305082
7649,13085.743225239032
6325,41325.86333673799
15987,2577.2582740699313
14403,7276.062779241657
16948,3199.7271571443634
9033,2496.6115810002516
10466,34791.63125761596
5013,16924.04898929052
13744,2889.0468695373984
18335,15557.501364004602
1737,36537.92863493677
12923,39905.85496851578
3145,2275.4835756764564
9281,3361.109811283179
4167,5994.394280476058
12522,8536.058509125818
7955,13432.069934772937
17652,6634.901235421676
3386,30400.94471289332
7468,8480.783176106654
4170,11318.396122071243
6783,19840.214977616364
7778,59165.00160511234
3447,5008.984920626126
6109,24622.634287942554
2904,4569.604377003516
12744,19634.00810926591
4998,8628.449221018529
3348,4563.228691045635
9475,17031.057846880743
15737,25463.142529773006
3885,54098.367009595604
12467,19186.856235517313
236,3336.577803779661
7582,9083.658462102801
6752,10231.127834148701
12602,10507.371426521415
14140,5839.2014704502035
10845,26235.15846617276
716,23671.928955923577
1909,40620.83730031293
4658,9280.268119581195
1920,9750.230687379797
13907,7345.2225280645725
10536,45673.56379961937
11320,36128.27328071555
6551,10223.930364066413
15020,2106.740811484667
12580,10023.386476910697
1933,6269.240160559482
1580,19274.486551770857
943,9928.675860439798
15953,41273.21842033555
5754,8185.474067870755
10290,9192.761466281543
6198,17420.756724881536
6104,15584.70753117756
16793,30720.130057839397
8072,11536.09922001932
12395,8046.831877188018
777,22417.46728268989
7007,5343.492428081198
9844,2072.7524422333313
11270,56542.694508332665
15936,3100.071260924461
4179,31350.052854738955
9959,769.312575398108
7667,14889.368295028444
16015,17009.7738157872
6853,17212.92512413115
5275,5048.595098639162
9317,11719.076441063293
14799,31612.05502202043
11809,40426.488225410394
17440,6401.110060145434
16458,31791.005247863388
18227,36852.89203680363
3530,55197.38510350298
4569,3553.3784732561307
10721,62070.575968971636
12527,16720.88878375925
5563,3276.113343558842
9862,7579.115160129777
7871,10350.76126781818
13696,2588.969223630929
8230,6535.6170897541815
15533,6761.166062352165
8370,4395.57089909129
751,16669.34512831557
3437,6650.283414366975
17912,4032.7048609152166
247,16043.157592401143
7628,3962.0073951856148
4912,15815.388273158856
93,7146.9164473622795
9463,4802.16186737523
1400,5470.706143522717
8935,9377.991302368493
4078,39546.02742102256
17217,2429.136586490518
10148,18915.132898793658
8861,5531.618789072681
18841,31507.941353203663
2283,67672.58127856538
6514,19280.51132651138
6599,4456.955510702836
9174,4840.121504693975
533,18602.594662500727
10983,21445.90968357104
1831,14523.629952856005
6061,19078.97144789955
7257,28490.363742853184
5846,30781.443308866135
18078,11401.859207328736
6702,14543.075636036761
9025,15383.780100488306
18035,3553.650263994266
19103,4712.997918265989
14330,15685.268031276355
16700,9440.565316922582
14359,10684.411589023019
13640,18196.98575330998
4829,28786.74019981813
9630,23017.375276783918
4438,8619.158477449038
2618,25280.813376825652
10250,16226.45672951124
18506,3630.104064763966
2493,7876.759884403626
8131,16280.798240798986
13537,7328.1740971403
15358,7049.922425987328
2818,13085.795349906562
6236,10546.500418567992
470,18676.106651020124
16058,18450.719728398646
16732,6232.607210568714
193,7392.069278817731
6935,2037.687481505893
14401,7094.097174116882
7896,8341.623135416137
3430,19687.031534686917
9245,3501.6785455488953
204,6914.486205257889
10646,15416.499620514483
4318,19300.47822430091
14810,34193.83871144893
10743,5894.72306234022
16842,8936.010263138118
11761,21211.254313115878
4706,17564.024260389124
17428,12048.322672718987
7388,1475.936508851896
1471,30493.51000069435
827,18525.89866697812
8764,26937.606794863572
4819,20289.464237033735
14949,11389.804443451296
2544,8748.008203811523
13445,8204.01778965385
11751,36756.10824154297
5619,1680.8406981912651
14274,1557.1899719968794
11197,3211.574945313649
9310,15440.023717905064
12660,3199.9056238568232
12097,25441.84658325403
2421,18100.367918034284
13778,6491.958910742993
16722,22024.42648597376
18966,14367.646222864541
8212,14303.972155067211
5446,13363.600820227037
14856,3142.341170733731
9466,13677.02711741128
12137,21560.46080633516
18150,20416.299830065193
15162,17870.324723602313
12793,15286.862810420125
18912,32289.285451526357
13098,21675.996453501
7002,3734.77047993088
8405,13976.520627609802
1900,3480.225445298034
13510,6159.114014086883
16847,16257.940479964793
4704,20813.094507578087
3275,26470.504921559328
17640,11448.437173409846
18086,16228.092803029907
7848,3480.125530278734
8713,3712.308736033639
10570,18213.855955518215
3910,1354.1798407353554
5848,21681.28855779597
17162,3720.826747329474
5796,4843.570261179549
7794,29752.386442212748
11404,28718.977584957574
4,18417.854179291655
16012,7654.764659486215
650,56863.75619497994
318,17055.829849694157
4871,22941.172835030786
14423,18543.185029484168
8134,19978.29453654474
16585,18597.75108635828
16314,13267.896549908495
4570,14518.743902662489
18860,3727.877423695896
17671,5042.970237110172
14194,18006.850459430414
8099,22767.50253157572
16326,18434.60021434642
17121,6454.260727562205
15901,5391.13346458243
9309,41435.39751084946
1222,39961.70996868087
13693,5553.844942014875
1965,2281.9156610157656
3203,19606.99670997955
2006,46352.8110151466
2198,4063.9805803910635
11707,1501.4590397896554
5386,4784.376520355663
4997,27541.870811063534
4255,36514.010117717626
4608,51789.89503890741
8107,23913.553200911974
8471,13315.502221704908
17693,20647.246057827233
17161,20477.83176815621
7563,2722.4674636320883
11554,18211.331762996128
14481,12958.268537786806
1750,10431.004299459135
4590,82758.26490178316
16903,5883.85324103806
12883,7605.381058045816
5297,40163.66019025714
9218,18044.28966581476
11723,15742.20167827111
5450,6452.547738701493
6995,32028.40027618629
1069,38662.44573777448
10316,16380.271374928663
15725,20518.12504911147
16217,24132.349077621366
8318,7203.596933698284
3028,78656.96537849496
10738,18404.55169581439
15255,19454.579846897042
3363,5924.417915403712
147,11943.71120302746
7129,4664.662319057128
18571,9505.68584374971
7968,17817.342594433623
6197,18272.376566092382
16079,37907.47984644448
3649,15694.793483969195
9868,38457.98043063236
8298,32071.29297419162
14434,5484.781287853211
12610,21850.51441766641
4268,19207.0723561023
18324,15665.018789784972
14025,6155.797900996136
6815,15322.163153953117
72,40511.0950585667
15976,49012.14224879182
10389,19585.72595520935
5966,11777.065417914797
86,34242.430416779694
11738,40903.672081597644
11803,12019.475335390147
14738,17318.075859791694
15430,22256.399249660582
15026,8162.710477311327
6857,12192.351917487535
10255,43608.86622713502
18576,16566.91799175017
19072,5419.900644765915
2038,5271.134265266461
3198,25476.471284873736
7614,33784.29615192469
10422,6610.577843896593
3798,17778.96869506683
11683,4679.902847186556
18469,39500.76737178966
4086,4375.805494432906
1231,5188.686950766819
4060,41672.356750561805
17238,20276.296757020245
5531,34986.08918097505
3507,30184.329014641757
1522,8338.035374325118
6887,40493.604328538626
13764,11017.83716938594
4102,2879.0529265218124
16110,16571.63281824476
1657,37695.97202720674
10091,12990.165324817843
1581,7408.788403818283
13193,38112.94613570804
6532,15257.665068869064
11134,595.0827819564477
9891,5620.259947171537
13796,5798.767890498615
10952,4036.274919767619
3111,3091.8717398033623
3106,21325.464044523196
18736,4357.519595792447
6385,2449.75923062201
10249,2928.5978331371357
16265,11698.039848657489
5782,14705.71106587713
2160,5221.759828306606
4858,16117.741985208806
6946,9351.703916688739
389,12959.920428979049
8701,14884.833046758857
17629,15347.507539453554
9629,10970.265064963278
9016,3232.66700270651
11820,13534.590364331825
5677,17381.054035383222
702,5651.643941714167
2587,17289.186064999925
3672,4615.983320712127
10226,3862.6409892726097
4720,2124.613226329949
3985,9048.473812935732
17726,4843.557399421098
4920,36949.43381572835
6459,81425.55596108593
6732,12206.322594481873
14788,15523.37711767166
12016,4141.0497004208955
15307,9061.317665088278
8237,6630.3402564770495
15669,20246.519553838236
18289,11552.83074012375
9602,26361.22527357037
18226,39418.24023606449
8548,5919.905654910575
13861,1580.128718479432
5513,6765.793705595979
9173,18823.53259951376
6484,11219.28981197854
6194,7770.669903402153
11772,41684.571867372506
14283,8593.552374951214
13656,7704.838913155517
14680,23617.642549510118
5930,3425.5963666154744
17156,1773.4627776380416
7424,15729.878151008643
6499,16726.083996736576
14378,3668.6561897297142
19099,3738.2388625569333
16799,505.486314108064
1037,4373.782813283194
15736,28865.93495004809
3477,46214.42033050932
1461,7507.401359354727
14995,2995.600193356369
3665,3618.839203876314
6871,13881.205583664301
12121,3333.931349150917
10827,43186.73001501112
3148,18653.558043189183
13316,15244.74024991132
745,6837.2995533581425
16210,18699.545232520908
14955,4115.084107224884
11059,17487.778053171154
7837,19015.61338689175
5788,7071.121616449739
9467,4631.834393525641
6063,19115.99376949236
14576,3239.890765163106
6114,17514.052031254218
16009,20056.799074219773
14369,15954.0108445944
17413,17974.914314802045
6240,4611.5243146005105
10796,16907.214259044762
5420,19938.59661249294
18513,13945.170616593916
351,5124.376495850446
16184,17875.169712280436
2578,27019.430487832127
1257,2736.591811602092
17799,22068.695012460652
3929,17382.264957826344
17104,31842.24001686701
754,7618.761760447996
13848,3106.182520710425
14469,2550.3113096309285
4333,16296.109599403308
1645,14100.010315854302
10450,7192.43915694569
10480,20451.944307364065
9657,8715.043095398973
18669,46195.81301006502
4076,26921.798892816387
2350,20151.34970642189
5348,2282.31326457599
5132,14104.925097895013
1235,3954.1238466926006
14731,6389.107425583985
8685,20810.68096019629
10579,18109.794205151127
3069,30468.692591239622
18585,7919.742227046907
13386,2957.556139468684
17310,46474.87514165508
18755,11464.7517945953
14887,16460.36321933338
17877,11300.604106385643
12407,48069.91834387416
15506,4363.722095706364
17734,11448.858708119702
649,6893.360149852735
15861,11520.409177730702
17228,7863.755884675678
107,7365.55017654589
18895,11105.596773119563
13300,15928.031253660956
232,41788.72751474848
2886,43237.17433419939
10758,9910.25469885254
7020,19484.40829122474
7708,6699.568296390005
11445,42768.14380709471
481,62271.12677349498
17083,19711.069939719207
18956,11631.387958462437
17106,14854.536334103122
13428,12663.506197763076
17151,12081.712304081177
1156,6486.957007293514
16148,18839.404051125453
16414,26697.269172461474
8119,16000.452612399837
15548,11645.19657063182
7084,15568.497273728177
977,46328.27416301575
2389,23771.905884653937
8683,21406.115862790863
5339,2040.464124189799
13235,41342.54874445012
13051,14042.461268769297
17050,22771.147447696345
8661,13771.650014889747
1454,2856.0458083886583
13668,28810.123385406063
16724,26944.791478482934
10083,5902.85480121091
6609,9029.142222704602
11922,44025.88670632321
13982,12384.435568857914
10795,31874.7181547749
2725,35060.12972655313
11836,57378.33447302844
18002,5735.927863129117
19067,7345.127646553399
18949,16951.9460439808
16361,16749.51690232299
8006,6857.234771164044
11699,39579.709248581734
8102,3384.6147959961904
6716,38870.5122704897
7006,22741.71231838338
5465,3298.099272629644
12550,39084.54864603406
12531,20404.747330597183
10223,6205.6244833363735
10146,5447.0626547142765
18465,15366.810957170146
16926,32868.48277179122
5215,4024.1808147937086
15439,4167.1304576695875
11667,4516.917078514583
8093,4894.2136571357
5340,8570.729261153854
1658,17998.052168548107
3795,25172.673315046974
4301,52324.591814059255
2843,26384.527772161287
10938,13029.753506200981
18326,18474.173197069133
8513,8108.5552492719635
5431,41542.644509028425
4463,17772.568126184113
310,8032.004199101623
15447,12203.514229992434
5314,36949.43381572835
17022,21309.344850921392
8394,7959.20292270608
6684,5060.579658620064
9102,26566.288347375208
9234,6150.491461375611
7738,13066.91862722908
18913,10093.726926025683
10844,13044.509139472773
12844,13810.065762902954
15742,2620.4072973164393
18579,7520.041692199237
5026,3371.0729167444083
14458,3784.9870354227724
6115,9995.27365723872
17348,80167.40282095327
10373,14194.786766433172
13850,62995.55375017148
14057,3596.4764058339542
7605,14960.382282496612
5510,482.02046862753485
2087,36049.605532625515
5929,3182.560201123152
3051,3728.429392337016
1286,13828.247787305238
9668,3016.785559856449
3432,20478.97025641121
15317,21411.227682716097
1546,5525.7932691340775
12222,35713.541558417564
12039,3097.3102236924215
8756,8827.048830723887
19232,6761.450519488101
11653,9779.323716151626
4354,14715.81381492841
3560,9075.426083920944
123,2082.1722927012534
3257,16805.317843938912
18079,5684.198644489657
5407,18313.976902414528
14189,48291.17029964332
982,11653.878748274685
4680,7211.956575560806
10737,10741.552685982388
14711,2995.600193356369
18098,13667.812594348057
14501,10223.439282531876
10634,21735.11773252869
3591,8572.275630219778
14455,28289.920306356635
14681,11897.174412610764
5027,20375.86318046569
3485,4667.84936374661
1893,8772.56554861527
5894,17835.73342792825
12148,20431.0701736665
9861,16677.176673692655
9821,31877.02960519299
14313,9701.722205389338
16916,19552.748921534618
15395,18122.6754480978
9554,19693.284967073923
13980,31589.29409581272
14227,36958.35188166957
5319,34116.18520950396
5752,21166.84964713526
15108,18749.55853722124
9398,2591.5684601376715
4624,18818.117120079034
14869,2368.842263224962
2485,18405.569607894045
4466,14927.346302338667
859,4428.242659713539
18316,15442.031508144475
17869,20491.189027461685
1021,2505.6944132541553
14697,10187.878154707809
4986,33566.064097141716
8968,6044.243644335184
4649,42035.049615870834
10687,5134.16923514509
16222,16746.9493528073
4837,3384.854985200926
6754,9252.723373451494
5941,37051.045077612784
10806,5024.397641755858
1174,3303.674906396918
11923,9315.36629229473
4683,5262.8361336626185
9527,2541.9379019689663
14850,7139.160662119289
1960,14204.644018489304
430,6100.527901272978
4712,362.969538577111
11187,20811.33038738877
14117,6824.826373633557
7622,3563.0306850676734
14230,17461.1634774629
9476,5040.979937415425
6005,14057.923995652716
14558,42280.414796829704
15131,47905.41062870469
15486,80668.67803091725
2743,12179.845879697243
2864,4783.069906068392
2560,39768.373191536
4664,5285.437372347643
15769,28027.696754364413
15414,6402.941800044676
14404,10862.610904836369
7887,2034.5243989924977
986,2572.6326632377995
17511,14003.081627156836
17659,39727.64274983191
15093,51670.90091109904
5449,17676.989626927956
2210,20087.252525663327
10974,12416.895977641427
9528,14805.013649264827
10878,3188.5607203000222
11532,6687.680962047411
9445,5627.882040592849
15546,18426.344900388223
13952,33522.09445813352
13479,7862.821982022781
6027,17928.47529833461
5994,20211.813964024655
8344,17615.154653250884
5480,21538.98273320837
11100,6899.64648864692
1086,7005.538697126664
1518,7014.969702648103
14062,3389.5695475291295
7107,2583.067116229892
15542,24558.71629583216
16775,2453.1558423370457
7143,67805.62944915665
4395,17968.487926216698
12259,28019.140329151036
8435,17007.194735551522
4239,3598.3360516211387
3960,3281.808143794361
4272,19190.94022817343
14143,61115.25722778918
10095,13204.684958304817
6787,5322.206949406077
14904,17849.57420236916
727,7171.042911465964
3375,30459.67831506184
10162,72627.81205939937
2617,17747.900920243566
6837,31832.167503556935
8969,6795.689996919202
5194,7037.958853747706
5036,16855.081520723452
1851,2075.5360956806317
2269,27919.137621965718
8705,2855.8874827477553
785,13176.515818083397
10970,1398.38315952681
12838,13092.638670350374
17993,6092.855419994858
10007,9407.030679870952
13354,3263.6522062882727
5192,39613.35743945865
3660,6693.747070485794
16368,15640.136441298813
10755,8309.514899702734
970,3139.9405644575036
15199,42627.48598133136
7402,10154.244531734032
10808,16379.741332241934
18453,14101.608324059443
7319,17813.580914601105
17044,14750.320188598931
1346,12550.93775978829
11056,4460.045703466702
1438,4539.409141822381
18838,6509.982939864776
4761,7722.195993427597
9788,16113.668541888783
3632,17774.386115651636
5524,21038.681603870857
1335,2162.1239298960672
14787,16153.648863095856
9700,25946.272885210037
3467,49276.0332497799
17190,14890.738131816039
14644,32146.01931916818
12087,21700.472083799355
11484,8720.607495063328
9914,13692.625027764067
15245,77016.55173702343
14811,3195.3040894256233
6500,6627.14473287256
1415,15581.539808352198
15374,9130.611288678501
375,19778.663906546713
14643,31815.458672686615
4909,18908.611974747826
3600,6468.218579625745
2491,5681.6791855510355
3376,15087.297697200944
9926,7047.414210929668
3608,6789.785336211062
12642,19747.79809852923
1151,8380.971205086724
178,5923.662671481805
13967,7137.318790910905
7603,43209.96640330604
8481,25416.38313598746
10370,32520.113803955715
3083,10371.782993799312
18374,4096.827957878802
15101,4200.324460819366
12876,15885.926218931185
16063,8291.114547365816
15680,13001.377545879299
9934,13268.536026912887
10787,1303.2596385930456
7820,32698.742463079285
15136,6274.707418900034
2543,6948.50575314761
1508,14000.143155824346
14541,30339.595520614534
8740,43633.88148580972
2567,34794.047657336145
177,10141.43381163792
17382,6067.273892007638
4642,5956.215706706244
18662,9013.943502123184
18975,36475.09502397191
10496,3166.5345012846383
11337,4366.144168666436
15480,27839.686120316233
18188,6585.462645625937
3139,4835.25489175208
11579,8528.335129140645
6527,19481.68088433619
10850,2122.1193741955262
12326,17320.41961713626
9326,3358.7785141374043
15798,1860.8652091015017
11589,43148.227623534185
11212,11880.420191746456
2652,23092.7215885234
10221,40144.6042881033
17830,6050.829349146064
4348,14548.639479455935
11950,17654.765157153462
15750,6544.036663066325
16761,16967.5017158305
2596,40343.57165493407
13125,9570.143679208475
2610,6145.389305460833
17478,46655.63917154975
14232,24349.43483029746
9594,16494.227497440967
18263,6786.849128461802
5146,15687.38315112424
10677,15442.278837746768
830,5460.236326379693
3988,2072.3587789030207
330,6472.669638444446
6311,9371.151658663228
11880,39881.47871299254
8015,18730.156054380594
11254,17990.3212796434
17299,19611.295203090594
14370,28159.263409906227
19179,36910.47976248083
18534,18601.026331563087
8220,13116.319896574567
11911,2051.505849780672
3958,2212.3803694354847
17631,9978.413273294687
11942,36178.90768739822
16976,18417.237090671908
5358,18679.688110457875
18378,15869.399152369053
2249,26432.75523023317
12488,5199.651790934808
13713,7906.870186599922
2126,9491.131288439761
6019,3708.0201580558746
16362,6841.2464255272125
18599,36049.78489738016
15119,5936.815689303937
19056,39186.356152291206
10877,6415.281144462588
12350,2956.437337162572
14046,10515.644636123858
15347,8177.141123113759
1253,41240.518413016296
14045,4146.065149851074
654,17924.383018766814
11462,18216.499933498337
4845,2818.8083551569607
1863,15031.946979231638
9274,48377.43817155827
7185,47519.56741955981
8898,6042.9538396877
8026,13883.880099932216
10071,18653.130791087497
17138,17375.23815286976
2870,8681.753368862801
6533,23111.12265368495
16541,17758.657935147436
5551,34681.339999916934
15010,18172.554866786435
14341,4936.715260742414
1810,17632.55314678996
14116,2687.406573096655
10706,5832.601821763768
4942,10888.97633813315
9836,5612.541601043642
2119,6144.92586692926
14714,15717.613545509445
17318,3722.9497611559386
1664,18470.07429667441
14719,832.2822756084291
11147,18805.263445622517
5049,19742.288344110613
4382,39486.3833002734
18350,3416.504653079464
5787,4293.209537111764
783,31290.509568649537
4298,30108.953858002416
13344,15562.967945129472
6373,40410.31591215229
7144,29149.095563788964
3899,8058.549713346475
9975,32341.170605969117
5984,10503.336854650463
6677,11792.285001690772
995,17663.422662129833
15728,15426.960330466154
8397,14339.937104339839
3163,20892.474303139577
9595,20213.463518465887
16180,5412.277250626992
7991,9756.054933136196
5629,19661.86138035103
1632,7530.91339822391
12559,17142.237431595135
824,3428.059281884559
18189,22130.4389678327
18536,17508.542568617613
13380,16667.123211354163
7292,7368.318495799082
1304,9435.859906832213
10233,15055.22717713032
604,8890.488676040575
3791,33209.36038577064
17314,7980.435556759787
4769,22442.323463138448
18243,16586.338239347762
17927,7339.841627600564
16105,4803.189176524254
10525,14483.55455506286
4926,10383.057543791117
10418,5007.58166482263
17932,24908.134705565433
6125,9866.196547818407
12335,9152.625593565836
7009,19644.803620975876
1175,2781.938711114819
9552,4471.006301952877
17345,668.3326793226271
5600,22839.592743064903
9511,35880.08436594832
18812,40154.73313346851
1291,7185.285031609787
1371,15242.517377918402
3252,18193.246856298978
9536,30837.803139365657
6493,4349.431578670003
14319,4677.473419155656
9148,1917.0646599511317
18946,32692.113291283284
12115,14333.994492810498
2177,17100.18027530145
5680,13650.745393087529
6813,327.564625339117
11734,14885.70065628466
11013,20751.30778875328
15170,11602.49954343858
4012,13625.907665820981
18690,3894.7808892943026
17120,9372.053004188341
12717,15651.234553753327
3393,4995.617600131819
15793,12521.342653789641
2649,3302.644670903639
13587,4123.875917390414
3873,6984.298419738909
16641,3110.5955710863923
15167,17575.713358470573
10704,15800.140209969284
13469,4026.848562355161
16568,27456.23792940547
549,3495.231299126091
10183,3588.557034799578
4437,14064.816618564257
12936,13968.832672296588
10656,37200.80723358803
6880,23911.768757157977
8427,19139.3419358793
9204,4246.738247341155
6913,35894.14772442707
2839,11123.150806610754
6964,9640.63430475523
13381,3506.106882144079
14782,9325.38978011235
7939,17135.040628701485
4538,22343.498381242174
10032,5260.884739433543
17548,4589.134938896039
4621,8619.84278633849
19101,5905.551575577138
4107,7698.849820459512
2162,10070.727810171236
5363,28464.70658432242
9036,17808.51634836457
6140,7045.141393079139
7326,17765.081544350767
6295,17976.07802732941
4586,8291.192830233287
14747,13830.900262288862
14026,8881.636551422911
11592,22816.5271554915
2971,24708.330567700512
12698,4789.993176070463
9060,10995.28372844034
1598,6941.843724456336
14185,5855.522770141111
2641,38059.047748093704
8340,23533.275396312976
15418,17918.30404606539
5474,10131.114180132749
1173,5471.481038809861
13294,13737.547637539312
12711,20957.842570196866
4369,3417.7273629472984
18511,17759.62077129826
7268,14927.431204523367
10902,6785.709928380751
17272,13631.343512615278
1442,5277.869041749351
337,15869.228596390438
2324,8732.316367496076
4961,3390.4315394953005
19154,7836.54858410356
3601,19478.483655603955
11135,16606.1209297689
19163,2759.2664979788747
12648,29075.18624561966
13297,23137.580709455804
3029,11282.586944357541
17035,2884.4193502583594
17814,11594.486767599223
15264,9405.287840751902
1245,24205.502095377375
7489,7297.72717388774
5806,11703.221904246408
5860,30064.810353415287
7332,24594.367528826326
15912,40159.7010716662
4530,40238.99918092959
3605,10517.153958973435
15840,13551.04738422696
15176,20187.52860423411
2837,6391.56635692075
6580,19215.37842700648
3210,18103.521933914715
7311,2809.565004171926
5784,20696.67069038392
18204,4242.909254408491
7417,21236.42817633011
11706,3297.753717899851
2577,2847.297284662998
2766,23179.09510150364
7893,18232.57019186044
3351,3692.2755762890633
5808,19956.1750409313
9918,7583.722063145911
3834,42565.9003237955
10849,46844.47218234459
6522,3153.234233353378
17457,21351.277765351155
17248,15960.608654492762
5952,1481.2194113390458
15690,12321.886312242903
7637,19687.7007528579
690,21103.361596990144
9620,1910.8569048490908
6519,11657.71684059808
10312,49238.249732748736
1383,45206.90707709155
5515,16405.609649856025
12634,29927.225608824054
13490,10550.077342082854
18645,26662.89253868314
5998,4065.359395969239
6361,23321.59883195889
13455,20974.23957903492
7350,13395.926159961615
13123,6112.089200133069
5187,18288.236624119952
1724,17978.9126163192
15808,28657.38533976577
5082,8473.803938047062
4359,3367.9999755891595
10297,5009.886283635816
3651,31598.166131631257
15601,16516.729095698352
9775,5887.167618120507
6858,46214.64648007472
12414,5714.322415574225
15704,4109.987846073295
15150,2604.8450439842513
2424,8333.525910606644
15942,6595.961684880642
9748,26186.096827109683
6025,12080.52804238723
9135,33917.887201897094
253,7652.540184066538
15172,4306.883137728763
7737,21001.892353646952
16415,7490.543049355791
11912,8511.075038987203
122,11520.455009678588
810,4507.876964543083
15754,20916.69752895263
13330,105023.48692379697
16524,13040.413013321631
5437,8278.960191651917
18591,1781.1293860405417
14853,3332.085994224835
5247,5044.044961081754
7406,15465.50675208954
5657,6312.805939595034
7288,16702.660968738423
863,15009.188967959346
2937,9571.969261892065
10343,14937.404538428547
18092,11427.648960281496
2887,3382.4273778562815
18961,10040.369033365965
15500,2775.686735355489
5650,25565.914200487478
3179,47872.639001951444
8251,16759.40980945217
7479,21061.592773623488
10515,32109.701692389066
3716,19816.383298604578
10510,7303.693199587814
15956,24134.383176699066
18971,2873.833096835015
7126,2505.7659721458217
9787,26441.507579952722
12094,2651.093724937748
14249,17843.96186469451
15236,3488.498535469294
13327,2626.436870298807
6382,4404.3159734575065
18871,2782.66246253202
2336,7237.0542002164275
4194,6066.761199012446
6099,19348.271290001743
3740,11143.938179701285
4356,18671.06758272502
5014,6941.861982877688
8748,21772.350841978827
9259,55053.49628419004
13795,6934.95619367013
11908,46946.41018784675
11527,9549.936304804296
8815,16887.101751341223
9916,8329.288330860049
1491,4609.590147354448
16632,33469.85440621268
11713,27936.20703483444
8611,16979.153735940225
5427,2670.0516138006583
9436,16306.17826832747
7224,14311.886282650414
10715,26243.484205771758
9,21383.589771579056
3417,15909.901119273416
3431,8908.858390485064
1299,63736.255358628085
9643,13954.426297869493
15444,5040.923285678285
11133,29501.291789678715
15879,36246.55316943112
11253,7806.370100760019
15383,11446.99806514452
13555,3264.5438589997743
10774,554.2410194662123
12465,20644.754654914344
15606,9058.882959677705
18876,7615.477062027971
17852,39698.11454531238
10543,5900.495711301173
11887,19239.13424883519
17579,6387.940492496006
3206,27015.634229940766
10123,2649.7355533791365
18268,4879.058588221618
813,9413.037882981185
18495,19756.412491791456
6310,2571.116413146675
13172,11480.904036869271
11204,21685.338963433867
5156,14383.425223197173
13408,13612.312149427866
9965,7025.981531186765
4963,9112.58366063479
14085,7554.829094793064
19224,28612.638571720003
11053,6929.011621398049
10794,18463.826017262905
12122,21961.02232085137
16270,46660.1359460557
3054,23276.14718559342
7239,23307.469316345665
6681,7428.522315871629
13265,82036.62073799533
10731,18100.573424402628
17338,13436.358525564963
6789,1854.1902949370638
205,10392.67970978657
6940,19912.80290223329
10030,4529.935246949065
217,12990.690016938706
10824,17163.055224122218
16772,1713.5278603697386
748,9706.591668929374
1818,7255.379253492222
12575,28105.392616762365
10423,109864.58207280812
18015,4013.7712240190453
13817,8911.944377565582
15549,12905.699007609832
9980,16773.778962049855
1496,13992.733877282015
10172,8141.281091259236
12249,21056.444399948414
780,2348.5528278584097
18381,19182.342981083384
6992,10551.039177990391
4336,15759.040781846787
902,47530.5930256191
5209,8475.767001636084
10690,13931.874165315872
15679,9604.698724782274
1811,18896.930830427627
4429,2278.1926457308628
7623,17988.609285469778
3700,3844.257523165736
11856,15233.611696665892
8172,6854.748239194391
3510,22157.55044920773
936,8333.665517746087
18693,23808.52049127021
4935,43730.23156334964
7137,39641.88914381766
7162,14874.443430405085
2214,13787.692079573348
9273,3866.1786681031645
14075,16141.548033152876
7377,23302.59595994237
12733,56513.66444767951
14786,13966.807826648177
9303,6960.66526562846
1796,22949.476364824874
15657,11849.51908229544
3831,14540.449156005101
339,22925.460864847657
14463,11777.228036922947
9537,19890.054757995258
6333,21752.002513525815
18696,25682.038850639954
3702,18645.904705873538
7192,8071.588532830364
4992,9758.77531062854
99,13471.334191497932
10303,3287.1251378507245
487,11118.234667289713
6399,6533.011975035327
736,21075.87851893574
16093,4917.820628316419
956,12642.251377903302
18347,10390.187378189115
17199,18704.97231947261
11967,16036.23124315201
15928,25361.02315901631
13167,5553.1396282873275
14983,14462.58691804587
18578,6326.032930700842
5616,19475.42598225302
10490,17490.916470254026
7303,8314.071743334587
13320,49239.840585673104
4539,16245.290547966855
17013,4997.381503600964
1458,20825.391089664026
6,4116.394367307557
14013,8924.389454464665
4266,19190.94022817343
9385,12909.037848371352
950,8200.38226063455
12086,17532.92794132495
3685,2923.917405846687
11006,28489.69900814124
2171,3193.9571449175164
5306,4993.533020935553
2975,2853.8265969309186
12478,13506.404639528098
4764,32004.04745719622
1344,10582.917505711373
13027,49351.3530933972
12372,5375.150663260471
3387,3094.324300945196
8591,4766.779195772449
11448,6551.1961138346405
18784,28427.384984300483
6962,48701.72334871458
5692,2952.754081411984
12288,13647.20945061098
16286,19744.291244911292
8086,14884.04386801674
8027,39180.6380696088
4812,60558.70359265895
16204,35260.16463288424
12079,10135.112849571982
16164,31752.518979440338
15321,14982.880685812936
7276,82153.21390420807
9628,8993.19043069681
6790,16383.73231966723
17372,21656.857245014126
16636,44385.55956689643
12042,8788.023542944373
14688,9699.042653326378
16975,10782.844487536948
16274,51548.240942552184
8261,22669.93702660347
9483,6831.585029457964
6796,7622.19878868613
12743,22370.191733897056
15039,23611.489925429207
9522,31843.774527928843
17524,4778.230390516118
17018,4509.0519833427825
18387,22225.379080889183
18862,31503.86826062622
2729,13132.33565968246
14789,19866.777339630025
669,20255.780062455964
13852,1498.64921674609
6604,16640.768866743194
16109,21072.800911425442
11620,16473.24654199686
12652,36250.799310793554
7678,5328.0249232428605
2608,7382.777489503575
7128,11119.25303720108
18651,16499.126718747815
1,19412.80992796181
14970,3463.1265324339065
2726,32714.836673433485
10235,17946.240590525846
11104,4894.49876802808
15780,42114.32920253346
3476,4185.71074107527
11921,20535.25881139704
5415,25759.95406525614
1625,28929.66353226261
16508,5905.598134920593
16954,13305.767663377383
10154,14943.215703508447
7327,3608.0073012726525
16490,31641.967437371957
14476,53624.39916209488
4517,7466.008849661707
13958,19136.43073510099
10779,3916.9111777630637
6189,15563.857936275816
10364,3585.664282117322
15327,47550.49609240012
13666,4150.816660622625
10202,17639.459176743603
6396,9095.738347424447
1776,7773.6559639864945
9933,5327.681617153179
19011,11234.169004983534
4575,3229.9856986224368
2650,28759.07204740129
11870,18013.285177644295
17206,5135.78848160157
16979,3236.3877261647654
5084,33332.69414903093
19081,6151.873397940193
13369,11180.18320389403
17007,3181.1576288293218
10807,5608.17473973168
16718,66928.51640175376
15753,19123.15242483752
10673,20182.31185463604
273,17466.622320223483
16888,54280.62539473169
3296,53647.05666048912
18753,9604.45480593889
2435,18816.51312784307
2920,8022.4000215654205
10494,4864.304370029984
2284,5747.3892284236645
8174,18137.1630017796
8532,1480.5765533454578
1577,21351.226044247844
2247,4416.358136516192
17391,7785.676260484037
15243,1527.2422763092545
18523,12742.422867358686
17074,15444.166004894085
1206,19505.474179900528
14686,4648.576155642602
4095,20157.388786253694
14773,12542.032723956216
10667,8363.783343327661
17949,5198.464246965829
18240,4919.3110163905785
5350,19942.934298951117
11497,22694.165963862688
3706,10317.289146396715
157,39136.220332982084
12964,16399.256371298405
8044,39176.84425034951
3401,3523.6355997572587
17580,7905.2922282657355
334,17372.881906941482
11848,16481.67812935794
14409,20879.21474582997
4282,29684.388220805173
10320,679.7650355862077
10159,9881.119922350976
12180,5132.574099199097
4486,27409.100511875036
2893,33262.01592734284
17904,44137.1779033718
9997,6795.031188689016
6116,23262.7310160342
5999,27717.831137855872
7041,21121.68535153394
9397,16284.527634167182
14213,31820.97955284406
3828,7362.693551743914
4561,31980.624075032774
19188,45328.62106186508
2826,8690.011387214163
12924,8469.120826924396
16917,21648.313296544566
17293,2458.201239584972
8441,28629.191865563796
12457,6504.452535297905
8356,36349.2664330774
9672,5207.185856719742
2583,48229.46831083001
9120,129663.41680581332
1631,29198.27117344319
19116,1891.9032325937937
3270,16157.761059455479
12301,14824.941962791263
8698,11281.672549356577
2433,5700.170353905813
4101,19877.759134410262
8543,6548.895715145685
17680,4180.356415685552
499,3580.782617516253
2897,6705.140269903755
6060,12178.509750055267
2501,9865.750536479425
171,29470.07930317533
4218,6755.0277499289505
158,8068.895123632773
5353,6737.463093707554
7060,4733.492976165836
16703,9500.696730089832
5463,6980.3775367561575
12264,18198.02884671213
18048,22719.36649500116
17174,9181.091223514903
17718,38732.78642450559
18038,3308.0494906969157
18660,12943.14914139848
9249,24744.874135777754
92,3555.953600841609
560,59589.26833455632
1639,6550.066039854429
14412,3330.1963645904552
3436,20903.412675822532
14693,6362.973256081674
16594,32787.800289973246
17567,11433.174706351698
10605,32754.90548978893
17282,6002.75761384138
13725,4939.860863517034
3799,39494.32464446145
6612,2579.629112683047
7977,13473.157397513127
1762,31718.489242265707
6158,32857.467990099714
14428,52693.35534223815
1309,7146.137323554443
4122,10480.302665005476
11613,27634.094646151938
12385,47316.73552846913
19135,20381.840571184126
775,6614.7050380291
5366,13027.324159548167
17760,66073.39384742174
2655,3354.8777966634007
12436,10440.026225872256
749,19731.853516548723
11476,31891.196894100212
4039,9371.007400493298
9912,71329.4860984442
6736,19962.05504009502
11433,30028.544602439666
1044,18748.62846496119
7862,17914.109818352754
5866,17086.400909032058
13000,3365.4896310619984
2322,26088.14329665448
18198,25366.552990387434
9201,42104.02298717544
7476,32151.315776030147
16036,4151.4928181762
12636,3823.25645777899
12117,4313.223159579004
6006,8023.527006172798
12769,18262.29191280852
3208,7983.330297654698
8173,21347.986722706188
4059,19671.41437408724
14723,20113.59056031801
12341,13371.147589951033
5290,4562.1628309558955
7690,9285.887385995395
9047,18112.306588726467
2703,19535.65131735928
15582,22226.63134904759
10803,24060.855897314847
2229,14839.808202386144
2750,3816.2854115368455
14070,2479.071947019877
7321,19189.184162644175
10622,6960.280609649466
3310,23162.178016000787
15293,18863.16673158493
15011,11382.020168296554
8547,65522.366113807686
18258,16379.918457182104
3076,38893.37413430167
17437,2533.7983678709106
12316,5395.213062983663
11117,15626.794856589928
129,10433.859947271705
8,8628.786230740496
15319,7456.758669844794
7309,20251.75073774254
16332,7331.481066533606
14584,21090.696423266785
14020,18294.694279099454
13222,18778.292061372966
17712,2147.922877569518
8915,22482.63046917927
7590,74701.16556981539
10225,46576.66069197587
47,48325.35593359186
8191,10353.499005990165
14586,24593.207796559975
15289,23909.697008954183
12687,8958.223505257709
13093,73628.29253340434
2135,17663.733620923227
6223,16803.64179501292
4702,32449.292766730076
7572,2613.722470147666
16973,24595.64920823799
16706,12466.796100987418
1340,14523.721582519958
18849,20512.18588327866
14240,5133.747363680137
9750,1527.9043293082311
10750,7341.315036794002
16492,8981.579074770503
4428,18618.036155897047
17497,3109.712975906025
7735,7680.119027743879
11413,15459.806860982428
4783,11056.97286951237
3478,42866.046905952266
14634,15786.289425966677
1345,40959.6694661667
7634,17951.27771115165
7800,36514.15269968941
19173,7336.51567958025
10864,4919.415615358895
6059,43259.693923929815
17564,4015.8715588220166
15524,9851.663295738954
16877,2569.191477028806
6733,21659.12400702443
7368,3756.1274298633566
11852,15686.445674129292
16262,13077.84527229254
11675,5264.8030846568945
15684,31841.425812047983
14281,28711.52996702034
9514,18695.706805902708
4736,8618.827936743928
9696,79753.17964774546
2947,14714.525006075415
391,6228.553443799318
2149,5302.601386311737
1410,22897.305194175864
8916,8421.82778278769
12154,11739.998587735685
8273,22370.34922067531
7927,18675.994666181658
11392,20131.72893020313
5655,16620.17917844518
15744,41864.22181135278
14170,17342.07337780048
4182,17596.38956217187
9100,9010.859716200359
15668,8096.438727883451
10471,15157.835940340407
9421,2476.2187182800667
2558,15592.126311571337
7629,4113.427677021111
16730,16597.86834577345
10926,10729.646361663383
2172,5038.986891830717
1973,7209.860402029242
15461,4954.762263726384
12038,7160.806965558146
15214,10518.539160953138
14527,19699.876181232165
4894,19318.73481253703
2307,705.1581760904008
10777,26531.85368856127
17082,3193.6850123766735
15648,21372.97045393501
3805,6839.068667877511
17822,17554.10262577086
10672,67280.90467913733
6350,16442.568318836413
6463,6663.734864161196
3622,11680.621339415862
883,20575.857926083634
2698,2186.721245531808
586,7493.602127511058
2974,7221.2922424014205
19063,19906.90693471071
9347,660.1929995846243
10063,18724.245245603408
1359,10023.350575139148
18161,9269.811117138655
3326,10311.374056724484
5843,16144.845234218452
14756,39894.01306989478
15060,9874.23238753667
16420,6618.067429021303
12595,20284.125495643573
10654,9812.404082096982
159,64114.55151392927
17400,17842.65737158503
356,6431.0565675297175
7849,23386.317772044087
17325,7522.600675307558
12752,15113.227367309015
11655,3253.274744098835
7052,2362.04512504071
3124,22862.445290063886
2706,4324.366633952696
5347,15100.603708073275
17824,5253.224403090044
5704,16425.319754978656
12292,5398.528291556174
18371,5457.24826728713
6824,2913.440552054267
14287,77196.69234355087
2568,5007.698471043203
12563,25666.895387412496
4748,5382.594741223419
3464,4571.648813877582
7152,46976.270550199835
16224,9688.106299878573
5261,14057.071201321538
11792,15350.935252114483
18621,2620.24752263317
9962,19788.406784294297
15481,5104.8833142744425
2783,37024.32545410587
16158,36220.99063594661
2217,32108.372127136652
9590,18063.09698333818
12783,2191.770631166267
6651,6734.66332500014
7130,9639.113333934158
1440,1187.384811739129
17882,3525.8466015475633
1002,5458.900070523516
15008,3831.0408619364152
16298,13240.605471811992
14822,4516.344129328505
17683,36852.87593875418
3956,3463.4213522278515
13803,5962.501615066752
14945,50698.780170223064
19139,32154.81828592923
3152,3281.808143794361
4543,6424.147859042647
7607,15459.172484750394
15016,11197.862562585076
566,3879.0684692953996
11469,27221.340628685524
2474,20723.308913371275
9183,18538.220560678426
5468,2865.718577144887
2331,13780.12418808688
13989,14289.499947258595
18101,4891.012631862237
41,40144.63200318936
11927,6205.99340023668
10122,7382.135102606471
12430,44836.5569007342
15185,17597.247744346907
442,13391.555004765756
7522,15420.687409891316
14550,11433.340771673129
201,23656.103587589037
3655,4145.236818593385
15494,3113.4751295569827
16473,21165.758812337663
1284,11818.255665545552
19043,5424.175831993935
2574,17973.13155461995
11363,25992.013802325688
1128,35026.565717894446
6848,23348.943095737723
15497,19655.200401907812
2314,13178.109573799733
4062,4137.9234780871075
5861,42547.73047327224
10532,8428.85798325951
6741,11374.509203659667
8640,20612.527372201243
7172,8889.818599314698
8944,37073.40065648114
3537,2577.713209679815
12239,13895.906544467134
8652,23163.419730119334
1563,4124.609992134034
10709,14510.004448844187
7611,7496.312851456706
11472,7278.880680250889
4425,16277.001897836593
12344,44397.40665615726
6977,3700.4645279995843
13863,4936.392056316535
763,12640.219901971705
6038,17669.833456587377
12393,14369.115697888756
3527,13198.239294290688
15054,19414.715988955933
14305,4035.6530892022147
10453,46546.527370646414
14182,20777.899314909835
15413,104313.92023520137
7748,11017.97825700486
4853,10609.41056445637
17833,2832.9185482918765
14042,17860.48750431621
6628,28674.255245447406
2469,2555.5039401264344
11567,6069.745405935982
15796,22117.26157155922
12033,2852.6245947356497
509,23254.377118795677
17210,1470.4257203624038
6951,21577.42527214736
10802,15804.324343168
1497,9372.360424959406
14017,23051.3254050864
13394,8632.891860266922
15790,14244.139788246903
5736,5682.84505906803
5905,39664.96572338663
4711,8945.602685805425
9512,9351.557006401565
18584,16496.419155897853
6929,20576.734658818095
4917,15315.611578185502
15303,45202.546370434495
2457,1069.2361527308205
818,2991.1044492199453
1096,16570.594079762606
6013,9637.98979452332
11764,24060.187985319266
8104,21560.10378159463
8470,6371.684996070671
15059,23579.75125971195
11566,5205.416410954782
18173,5771.452298020241
17662,11951.020609796626
10319,10903.413853762782
18196,7051.350511480298
1867,40318.62511483456
9828,32780.069291190935
16591,47466.08507001817
3493,10749.95016756458
10645,40028.839493424726
12573,9236.971973902107
15512,7704.982737803233
10447,17605.66961792274
15945,29070.208817246054
7771,2089.8649269358652
3739,26692.4641381304
551,13965.840803249568
15212,4928.914374728582
14817,5137.141025713713
2356,26568.551344972584
1985,24163.734420862394
14668,2942.4093732531014
3778,2852.708128882145
8900,14848.451666846408
10331,58020.722785858576
3848,16137.628505954615
3457,42503.806147840565
2477,12681.150469324133
15806,5423.50318079839
9984,3813.683580074089
4630,13881.981333093734
15465,5281.788940874949
14400,11966.390121842887
9296,2904.323102834878
19014,53779.615144004245
7595,12428.761389960855
4532,5382.594741223419
7176,3312.6905615722853
1278,12544.593238432382
15843,12008.318395238335
2742,33117.69966600327
1255,4222.536839718099
14866,2676.356326024357
1621,20279.11886965094
5434,4183.301566768537
2662,7439.889663487569
11348,35724.72714382277
18363,60076.308972262836
4066,9357.504535020747
15426,31529.073997476084
19015,10140.333545939096
3345,13425.604626551156
13825,40148.89129792987
80,5660.615134048974
3395,13251.930138513984
15932,15934.27553730603
11101,31924.48978916528
11243,8673.280409333855
2161,31812.31101407573
14783,24114.728145447905
18117,13003.147986024727
8726,9498.869513108155
13463,16341.271540934953
11996,2554.1068024035244
2142,40335.36094831632
9863,36391.448246169806
16852,53969.738892619054
17113,24029.035596555328
4394,9108.006977474923
12890,5527.282692843436
4471,10175.310336036404
17265,10264.903309693846
16132,3121.8623405346943
10987,22146.570785141193
7928,4920.3010865967435
16005,10684.017342740259
11378,27198.990020572015
6335,87491.61507369606
6939,9567.851656341714
5220,7827.452520862647
5691,13020.409495932523
9486,12256.3542555337
5548,3333.4375631471758
17863,17851.735441382916
1455,3393.5768747168686
10594,5583.8055898780985
16697,48068.72959752267
3827,2676.5639357607047
2624,13717.260464129475
7452,9784.562979455046
9240,18792.346617379222
6637,4940.551010897645
2448,1731.5471256170856
16444,13506.213126647977
17862,29840.94281092828
17947,6159.944038012845
6428,32470.422914669507
5781,31707.931646097953
17775,15133.494898261306
12787,4714.32753083134
15203,16688.426706561164
6541,14084.756747789424
5053,21367.969820984923
2654,3281.808143794361
17681,6793.67829676611
9256,8253.795000622145
6144,19638.19903980332
8319,17157.804578050967
3877,34636.68342771546
4058,18490.819265721122
8984,16234.640316077512
7951,7476.865133077618
3144,22199.008549130704
16630,4743.354075569304
7588,9868.860908459448
18958,31597.924392409946
17053,12100.601795596865
16085,18912.170807099574
19023,10561.385871976834
19192,18193.000071316732
3121,13510.73711711381
580,24147.84565951873
229,29432.70488964106
11773,15434.21598479303
15532,2678.054006573919
17286,34062.1876690101
12915,6128.229524864118
12906,5659.5708580230585
3416,15350.109769238263
14676,10294.2768319995
79,1107.9073301988522
3320,9275.53298262092
9710,55799.3574871047
16060,36979.9329191062
16712,9991.103753691148
15715,13191.444257096286
10141,6895.575308604763
4448,2153.470050196531
18996,3063.693265846419
2459,24714.044925798655
18737,4219.96431485208
3780,491.30508694847975
2748,18965.740824820503
12357,16553.73987552306
14065,4379.400119404449
17128,17782.616992533727
7277,17280.334678438125
9815,6119.968084207609
16647,6175.893175611853
4495,19582.68312988124
18617,58283.140831701625
9175,16013.651141415852
5308,28975.48099628609
18415,5493.551987651032
407,13090.63781885052
17684,35702.9880206077
15126,11010.275806788693
7315,23015.858947833345
14466,22185.724799577853
13102,8344.442086964815
7947,36034.251753556186
18483,17195.778400948107
3173,5197.119011980076
13216,21597.445679950724
17252,2176.484114107326
8455,21799.110574614962
607,3569.3058758067723
3504,5133.913046427683
12449,29538.645712047222
15068,18813.947129224856
1399,22121.82706288602
7890,39599.19181209162
2240,7400.767421364567
5208,20239.651534081942
9678,30719.214938776688
11986,31260.912253624498
13218,2977.3791717685644
3150,18103.521933914715
7017,18019.04341737754
2682,10243.042681772744
12377,4346.9641577750135
3969,5637.347829247999
5661,7584.8532383377305
136,7092.593988189543
1261,25332.206681134896
15803,3224.26600186372
18951,25703.22448772437
2329,3316.489408274556
12990,16158.66854638262
10256,13064.193937189402
2686,20679.187006300144
13179,21832.93863231327
13931,41324.68789238378
7188,4776.2245515907025
569,28384.001850883367
12697,13729.544254917704
11855,16604.759926412866
5490,11137.892811722964
6901,26350.33240035949
230,16004.314651361716
968,11193.348094834388
12149,13816.738329274922
3924,17822.12236603294
7083,2066.025837222474
16834,4859.92865839698
8601,1689.1825208126718
16359,16928.317718499587
11507,6782.632627263854
13629,17860.06689520075
15626,21364.288441988967
998,6868.70905693581
7624,26480.785382549693
16430,20463.17756681858
9460,4981.274238630766
6707,18216.57228823956
1120,1881.7137561202428
4314,34353.443582139196
9656,40118.6874757148
5743,4742.676299575576
10404,6867.844249310282
7022,14291.528168402727
890,1770.6970156640898
3500,21445.463878515126
3201,7746.705515916839
4611,15910.519037409771
65,10299.823684417923
10070,10623.642782806837
12444,6947.842407139731
6601,13310.524153149854
17498,1534.1999511344875
13779,5957.645469859576
15098,21249.06647581293
16120,19200.065405367175
8926,11372.296329064082
185,15514.51855592457
3327,21703.58559351037
1487,29663.60782960515
1319,20053.14507263795
11418,11982.706667556697
13994,11319.77698647656
7000,13129.636217594069
17499,18476.347465538707
18309,7805.250620790959
18413,7784.910597066266
3434,31480.902529169904
15620,44064.4215881831
5990,16429.836535505066
6231,5717.392796184961
4577,13052.169778222302
12530,2332.810245264389
6356,13131.598696666411
12857,12211.843429228684
1426,39681.2312545647
1419,6292.026658559855
16450,4036.90814100342
2719,63860.810538354715
912,15098.908670446648
18609,4289.524017983055
1802,3018.3599382560383
2377,19400.010638320986
14220,5629.704773805885
564,5183.371909437553
13041,18990.048949390875
18515,6132.12855321185
13965,8179.312668302083
14912,7185.309320044349
8841,6363.560626800633
18063,16612.80712616774
5503,1354.1798407353554
13984,37925.02788053894
14536,17160.140475473814
10434,8815.021712102367
5442,8274.704501155635
17828,13520.464213954148
3598,22668.774256757086
18721,9139.341527062003
1547,2724.6925831990748
12380,9947.969916883043
4821,16606.47169429294
9455,10871.460231698906
10024,5112.1624842138435
11920,65958.21905602563
4533,6282.40056469204
1277,10122.2212456309
2074,14373.387551694095
747,19471.441922607653
14925,13836.172656801285
8574,15327.943109177095
6304,19385.49086176137
17032,2522.0884997426433
1841,47144.53462087973
17423,17994.914895340233
10350,11138.678141227221
9649,10064.611057105727
8029,24572.715490571092
5887,7437.442275075532
6840,4544.163473589028
8580,11963.798031774893
9077,8210.175245418344
11794,4980.979680328498
10606,19848.882572862185
14743,12261.303650690495
3084,4386.909824827881
8057,76347.33072291735
2683,39730.91797564456
4610,4607.261307537982
1483,50855.45302677161
9322,17836.75615648333
13511,16208.919957295706
10275,7158.958499433362
16179,14000.887693603536
6051,9614.413420459781
1431,4013.939259835673
9423,36163.101008831276
3004,3623.2510864229835
8204,16547.681496946705
7058,4728.699375021086
7291,21445.91229383241
8666,12714.661555212819
13482,7686.706950931331
5411,5936.340696965776
12521,56205.16544444848
18908,55812.666483352914
10551,380.42806914096366
5533,7529.363765168584
10727,24595.230553082314
18146,23082.436964696466
8313,30078.00952072381
6485,18361.119267709673
7379,8558.968340867557
1336,40484.44531788778
16115,21594.756947591333
2031,8627.89573257916
17127,7727.222587647513
6821,6568.47606017189
1274,26662.779630081066
12279,6030.916790669162
5008,12867.21677285456
6620,14486.239475510165
14002,9568.112882035546
6994,4299.818310556611
2741,8261.373069304409
2372,89043.34918217309
5733,24118.89575998975
8311,16618.763838982006
6495,24602.902149954218
10393,18704.314715720564
1034,11414.04984712379
16898,37273.84876706678
14156,15754.302809560448
12623,33601.92378967708
7138,7038.310194670406
13066,31585.28318855772
3667,33188.67425920153
17573,2364.291470875922
8002,33663.69543834521
501,23930.051376938995
10157,6941.37941771366
3637,32485.003388626534
18249,11173.49061128734
10169,17558.039307955005
376,40799.76462223725
4593,8969.8518716962
10868,6075.731125893665
9740,80072.33603892711
1039,7818.409243071031
4752,63276.685475726015
3374,3793.6274461688795
7963,24697.652027061384
13313,2896.5755761959795
6391,17259.2066204435
196,4828.501272799885
16195,13971.250471990546
2239,16829.004142583544
15588,5855.5611260319265
309,6791.257416671848
9242,4525.088734666471
1548,40069.97209115135
8690,5341.341364815507
12228,20151.62655413048
8274,3162.2184065200186
19082,19487.49174530399
528,17762.42030860022
3671,6223.981040848362
1947,15013.403507722589
10996,20644.29558042159
13269,5020.751515449649
16227,16567.10466756132
1982,1666.5186976752066
18403,17131.630050189196
13875,20462.59138745254
13126,358.0926124622216
15435,1495.7823424174107
12845,4026.848562355161
1659,21249.16485245551
5197,3401.998340533864
5206,4263.634622506749
12867,41690.58464061416
1670,22416.465433587215
5618,15027.32777290336
9114,39336.73808895745
5333,14395.863347973427
17203,5080.124541044472
18279,4568.769480509919
8939,40430.98880679471
15132,3692.0550662622295
8755,71222.03919949892
16256,2520.379620371911
17840,11581.913820708545
603,12028.030566303552
638,6492.328652530334
6600,4996.01995942926
14748,4475.581950331487
6169,4417.366230317464
9330,8398.724043835951
4302,14048.98984243978
8112,42251.45362304816
13158,8470.270058679462
1989,18668.02640219499
15355,16049.916823566664
18622,40158.5241157374
17733,53886.36986239763
13315,3299.8369362778008
17422,9457.746462560752
14068,29415.884389805182
3511,7547.485106075093
1467,40247.55117873397
11422,25168.018013767825
5571,31299.416881345922
13680,19980.36991810793
9384,9504.313789712423
1377,18063.716602074128
14233,13589.933020706329
15747,22620.75147184737
9282,4231.339382851425
9540,5314.584778626078
15357,18296.04142301494
3845,8724.91098311195
8146,3470.254940198186
7184,7852.882317269272
16023,1412.6067393076978
6464,40979.42218703968
2270,13888.102985392294
4637,8993.232764819055
17642,9457.36460262577
10969,5145.480372705808
8960,16577.577162746347
17888,17867.154901737824
5871,28585.150786552225
14184,3626.516428525851
733,19756.555327121096
18205,3507.844199956885
12114,56660.55188514921
14424,17110.546315797154
12736,21417.25574816106
7448,37599.08430992965
601,12313.845484912708
9300,19047.2489563039
17849,22036.44984400254
13946,31641.495402728557
18081,17173.038249376754
13923,19035.62067933989
1615,36669.12899139681
12866,15462.506009682185
8205,2305.069285924622
12696,4223.794775513629
11025,32591.464155763893
8923,2604.336469429166
18968,12993.673667298846
15723,21456.821584273435
18058,13567.455000036107
5988,20256.579150895046
4949,10940.141708556874
6882,5056.324989672949
5874,14297.228186188113
11028,25096.3230101611
2600,13491.80858180194
13383,4234.382520981514
1180,3748.7196670097046
8838,2882.5821729660056
6507,10088.717424780636
12517,14597.246518077662
17131,39693.54355311339
10492,4603.185147898073
9063,11317.201132733804
1734,13568.515535497672
11892,4205.59075598947
16727,30553.948521801405
18065,39833.63758353132
12724,5859.5825752678165
8668,3210.9678732724733
18760,3719.797424572427
4033,44389.91326033786
2506,13912.223112412223
1363,3643.4023660339053
2278,6034.9962439708315
18909,22618.864993123425
13631,64373.11110446036
16550,16134.80614099936
19230,2897.373609246805
2098,18516.787470406594
2882,4097.617180756925
10347,39168.74385168607
9301,12689.596767272222
3731,8985.705899214545
15603,16155.368098600702
3784,36407.986793627206
10621,1522.5636405262042
8712,14137.081066287481
5370,9364.959331663038
11947,1915.289396748868
4820,6604.413172524632
6372,11743.176442983584
5155,14375.375319450706
5080,13629.04335260685
18072,16928.65801613101
6256,4120.690544340415
1742,8723.574553706518
15309,7283.337397962038
18914,7293.33712814802
4721,5013.217317815524
9839,13325.933886123263
7264,680.0759055154408
14295,11762.257147378623
3452,5477.175769982751
1797,18252.51068134883
8214,19083.484129742854
10305,17311.570877996604
11185,34425.011303250656
15367,92089.15462069672
3277,10050.188997015066
16177,12818.810709172196
11944,2648.631245058904
2357,26931.550314781518
1728,16879.861236983055
12959,16217.118222540268
11343,16342.774264766065
8229,9996.27835637084
8465,5533.325405382608
18123,11773.336945337202
8486,7501.970439045661
16482,27248.327055081405
15913,36147.935334268324
6263,14362.853704884765
8780,34663.904023580995
11731,15993.187480846222
7373,380.6362324062698
1098,5217.718382038056
12542,16150.089223473842
7843,2471.7575600676173
4647,5842.82728269327
2620,7012.467013097829
9438,20217.54884573016
5815,9680.029922798223
210,31293.375784166492
1210,4463.27074488296
4973,25528.612743322967
14511,19099.630857159453
14301,4867.911457742888
1033,9844.870861337364
18231,98816.39494903975
3819,20558.36521630395
434,20625.41928316085
8447,10211.012329190487
252,13500.019632236093
4788,11744.054014024627
13459,11541.90918319208
18539,3501.569523320946
7068,19145.250627653648
10376,16796.6672691626
12976,78334.54785225741
14639,7539.796104495658
15394,22671.918253981657
3631,8076.046603901924
14897,4449.900087590066
4619,15934.892300895204
7322,10151.251853334345
10399,21794.960859795436
13106,4980.159885601932
17513,32324.774907661165
18165,20988.531622157614
12773,10664.232660235042
11600,17929.836297862737
5223,7320.925439767561
5855,11229.017661856784
1763,22810.79028259891
7459,11498.816213123982
3006,91431.90035060864
9265,19074.023065861944
1094,17470.52455459755
18475,9934.155106015964
15949,10567.729864694777
1784,21480.07385549202
5558,5618.567725943909
15197,18084.73827743362
10618,6912.727050134844
3217,21688.1273160818
3508,2526.156092314794
12285,18043.21142210116
17653,12034.879487488251
8210,11120.14566814365
4386,8463.150942377686
9826,13045.255965053613
10126,19790.415094512846
8892,7597.160249919233
6984,6371.921901257032
10055,13698.047533599392
18865,4726.478279720971
974,25775.526311517435
13478,40672.12247032714
15085,11028.823457588105
12332,20637.788730539967
14275,16973.926889867365
2317,1520.3827696513679
3838,5457.328021210605
13724,31642.45974091786
3068,5878.5250184933175
5838,9766.17232659487
4655,39012.45302064159
15440,6020.735259851376
11930,10536.185725637704
6404,11788.642422362645
7976,9531.699748625597
3183,18372.410561932225
16388,10656.9927864379
6510,32874.50934408703
5883,9274.452778037054
5774,32004.934034407543
14004,6035.842251592719
10132,17497.926909891674
6284,20622.414533746403
15937,15915.95132577508
5124,2645.684012736448
17782,29460.230266276492
9584,5402.476428728606
17836,17851.735441382916
2846,37325.313306255506
335,3979.693318619536
3119,16882.95822870641
12714,5566.226698587629
15473,31666.720976419
15483,1469.78247654743
10136,16556.80123123747
14803,27906.755005547497
18295,5514.190866492199
9812,47706.45651770865
17079,34968.86215581113
17270,26613.516269064447
7306,25246.13275048537
9655,14129.909372843253
9147,18040.207388377235
11696,21057.6971382073
4883,24075.221253151027
9125,3479.737072102221
10004,3075.097352754775
11123,6821.452301286988
13424,8385.213105142384
8456,3046.950744322233
556,16242.371048283963
2051,2061.8252424214493
14936,7669.000036677611
9877,33892.800709331685
11379,17887.736311460714
12727,8855.053461920317
18615,39140.52131192786
14099,26877.626182610325
17508,55826.84364653443
3752,17219.87919204841
721,3678.379330053253
16251,30087.35324392482
3091,6968.842327397577
1618,4692.186937841518
14371,3299.072918896229
12532,8130.739059942124
7136,6078.4890288978695
18510,7645.3971150789275
11774,12073.749205502676
11045,17152.210866809924
10644,9812.404082096982
9158,23178.38625975691
13486,18046.57341216059
18104,22216.735537714674
10822,6750.636926728571
10110,17800.813345507402
6221,20587.10524884336
15135,3026.3282695739977
17857,14798.47745837274
7966,23101.601934421058
1167,17861.94033426392
11550,3194.7486089656686
1996,10638.165722138368
14000,24038.38310518209
3288,3391.026129806823
3954,10440.245982404766
9202,4999.718813412765
10927,10628.716163967063
7516,24102.718499099818
9756,6308.754576139716
259,17767.224187985037
8941,3319.6471706938432
5584,7192.534774296351
6150,14142.912139413062
17493,16454.463738488685
2002,3538.480167978737
4331,7405.687564000663
5219,2930.2697549986588
4132,30988.524613453694
12273,10444.587204123121
142,4764.431254013081
11546,2940.932178552411
12346,4040.815611587456
12443,26616.008347572806
13659,4124.326407719491
5698,3389.167246998701
11866,5013.551462496438
10557,7355.904853120248
12110,2640.773227317972
522,3217.075204582863
1692,3467.647468278564
18285,80674.92081419153
4070,4731.573362345011
16559,11797.960852751114
378,2922.150459561928
5369,6024.285622537176
166,6128.781229759286
12916,3179.435470613597
8720,20556.324832292077
1421,14688.50097518563
6861,18790.265334128904
6832,7954.20863448188
14231,17862.580622363777
4843,13681.838407920692
384,3539.869146884337
7635,13381.633045838907
10689,42059.98194377447
7881,2775.1782733490154
12134,42891.88243772976
3940,54169.70080691882
8225,2642.783097533168
11766,21347.599614089577
14870,39722.87848097634
2169,19616.117918406304
2251,18473.976963515117
10671,3347.2635205987904
10578,20288.161530030382
9730,25705.15894293138
14552,4552.40682937073
8717,15584.82456602548
8796,3785.9999994140862
9378,20789.448196895984
13466,1088.3383855313923
8708,13336.047711579267
17367,20882.95280079885
17077,4009.285378205703
19032,27582.762060418594
6672,32552.753415314368
2188,11754.888142021025
10276,25346.684526594847
2661,2886.9491329734515
17112,31888.295785817536
14268,6707.379435795066
274,40385.30352546427
17757,18963.793876654036
10682,7440.426075384453
16136,3677.6833651209286
10555,8230.506151004894
11540,15719.391828389967
298,7366.701829164261
5205,6345.965343827589
8871,42421.976635734594
9829,41561.08906586145
1380,21636.53392218564
699,44650.377081778934
12312,18220.570887549024
5708,18658.4091536251
154,20412.338157735616
17160,4446.158807666642
258,3028.520220862555
12944,14859.687091556172
7179,3981.0853195637296
1485,15501.755756391043
9097,7489.932722495016
684,15460.147116430968
5327,6667.826662322529
150,21790.450482845677
12062,16511.467230439703
17753,1646.9432427183053
11788,2623.354476458163
6623,8437.616728291865
19013,4362.669158674115
2784,6340.67645329447
4206,7165.3143440294225
3053,12646.589698469712
19221,23368.740355432332
4190,17173.46296340279
13570,15637.79349522461
2852,21375.523470964323
13581,28436.472778412113
18847,17682.796318923014
1495,18132.77459389664
16006,18195.086381124624
9807,2682.065158617595
7287,19190.88659397818
6203,2101.6764736201385
15654,38935.152850006925
16186,23178.453203306748
16170,4002.541042972382
10652,39491.56085658283
3844,7478.722255378965
1917,8633.708126556267
6881,16171.347624000375
13920,30010.8026304604
17609,21274.663309505915
1997,5023.225263862814
17853,4313.9690352285215
16345,13400.726092037217
4839,17569.653474975858
15050,19408.36860074352
588,15141.478457840394
17130,3120.8946573410526
10166,8607.78287881246
8561,6570.7758503778
9608,23280.87387845857
5892,19914.729329454913
17328,1899.1831505891523
416,21521.323509592577
8672,10097.182830800179
2381,7909.108720509951
1612,13947.427852822122
6829,29600.63716997054
12827,17386.00494381723
7917,18679.962334140124
3319,62783.24760254093
11498,16782.988206261944
367,6469.05143527605
3692,11309.831972037602
17488,19183.912953897794
18634,19614.672773474504
8339,21718.025108924438
10195,18661.040367403853
6613,10946.828896334382
9693,2457.74299544501
13545,2781.0987807460674
13940,4251.618938215074
10592,21360.651365369173
15825,37307.43062930646
383,19220.22427641115
1723,9950.203121056655
14397,2591.877501237002
9293,57682.46200945097
2089,18659.63801684506
3693,16587.928407949967
3010,15123.47921156706
11124,10830.21945746743
10791,17848.693918344445
10345,61667.18669533821
5920,63747.025794147645
8814,3376.5283859048045
14778,10116.037238057159
13723,40191.751000629454
10168,2583.625859706504
8320,44609.43566807682
13050,3718.0540379201166
17846,21068.990496377202
4169,26871.34204536151
1271,8679.810543570373
12018,3343.695011855824
2327,16774.292588486947
10867,23852.888196870204
2494,19080.123515080933
18521,9096.172150003891
1181,36697.41621217378
5967,20714.309616176695
4467,31054.930846007344
11669,8207.278822252338
15262,22476.722162094797
18311,5120.908521826315
9255,2076.980799511912
4967,9563.003327502931
9770,22000.100471334892
8987,20875.451519397164
16525,13333.747737027503
4185,3433.3953647803582
5740,8924.890158744567
2557,3103.0053311644415
1524,20910.028461766367
9720,3160.710114984288
16357,18599.612619249885
17897,11146.324032283701
7774,4904.618290934078
14606,3442.795576832492
7948,4532.666100895582
3,1945.5056695741014
2632,8670.020549409177
6605,17409.864341895438
18288,16086.356420355689
8176,32528.056466523834
5949,11546.907665839712
3925,10014.76192088658
12515,17177.622492875875
9946,17178.70149946539
10801,1363.2724900326546
18691,1502.0953908021208
8974,10003.487423806615
8248,17922.951177545125
10749,10950.699571974368
6751,4748.6522629730225
6719,8950.506786397877
18813,32487.178328820562
11302,14993.105488624651
7619,8016.242485878075
16985,19081.01211813053
8498,46921.625399832184
15828,13990.262507722588
18195,4023.595020025696
4582,18633.76298161432
11599,18868.10756048094
15191,14203.031414492349
17047,6400.715251962726
2740,8205.485593056344
12618,37305.50098645488
13536,4592.461179828339
15719,24337.907009818286
19039,16265.301070952572
7110,6429.713221771626
11112,14227.586062674281
16988,1874.471046921185
4233,14625.29857777005
17732,11916.597637720663
16318,3656.0132248528234
15678,42170.173682809436
17980,24185.534840524026
13399,16482.23423838335
14089,2699.924839082089
464,13133.34404503067
11312,8630.421268787177
18121,21918.042183391826
10631,4010.8249766081076
9080,17513.420021874335
14818,18349.41059348966
16223,17107.44117043295
15553,13714.695235278807
12064,10879.976717954281
4018,11743.3364030171
12946,10384.852675295304
16578,2939.7636033091417
7217,10112.032435997007
13854,15968.61136062194
162,24960.998175930803
18883,10627.847007547658
1950,19377.272242670733
8828,3416.277027075853
11746,2126.0535026002785
9131,17710.742077771818
12689,7688.92519795238
4556,4759.902944739314
16604,14845.792900733528
2672,8030.731932723425
14418,10367.43476845431
16421,4871.5087498736475
17665,3199.433287515506
6554,4249.046974406883
18661,7774.1066927957045
6825,31106.79823758705
11266,14223.177640903788
